{
  "banana": {
    "mean": 0.3498180309906064,
    "std": 0.2110661764834208
  },
  "brown_bear": {
    "mean": 0.3660005801365925,
    "std": 0.13361020879864646
  },
  "golden_retriever": {
    "mean": 0.40633949455209906,
    "std": 0.11113926958620754
  },
  "jellyfish": {
    "mean": 0.29873784372355183,
    "std": 0.1677713841423476
  },
  "king_penguin": {
    "mean": 0.2841095885201636,
    "std": 0.23475937799209354
  },
  "mushroom": {
    "mean": 0.3160005297908885,
    "std": 0.1858251881970652
  },
  "orange": {
    "mean": 0.34725427357760247,
    "std": 0.18640551307788863
  },
  "school_bus": {
    "mean": 0.4660048547447383,
    "std": 0.10981351156084708
  },
  "sports_car": {
    "mean": 0.36807252563829446,
    "std": 0.1160934887283427
  },
  "teapot": {
    "mean": 0.3872181413316475,
    "std": 0.08747966072426523
  }
}