{
  "tag": "gen_audit",
  "timestamp": "2026-05-19_05-23-23",
  "modes": {
    "full": {
      "inner_train": {
        "top1": 0.708,
        "top3": 0.818,
        "n_samples": 1500,
        "per_class": {
          "golden_retriever": 0.6666666666666666,
          "mushroom": 0.6533333333333333,
          "teapot": 0.5866666666666667,
          "school_bus": 0.78,
          "banana": 0.6866666666666666,
          "orange": 0.7266666666666667,
          "brown_bear": 0.7533333333333333,
          "king_penguin": 0.6933333333333334,
          "jellyfish": 0.8066666666666666,
          "sports_car": 0.7266666666666667
        }
      },
      "inner_dev": {
        "top1": 0.676,
        "top3": 0.788,
        "n_samples": 500,
        "per_class": {
          "golden_retriever": 0.52,
          "mushroom": 0.5,
          "teapot": 0.58,
          "school_bus": 0.94,
          "banana": 0.7,
          "orange": 0.7,
          "brown_bear": 0.66,
          "king_penguin": 0.72,
          "jellyfish": 0.68,
          "sports_car": 0.76
        }
      },
      "val": {
        "top1": 0.494,
        "top3": 0.737,
        "n_samples": 2000,
        "per_class": {
          "golden_retriever": 0.365,
          "mushroom": 0.41,
          "teapot": 0.345,
          "school_bus": 0.655,
          "banana": 0.49,
          "orange": 0.57,
          "brown_bear": 0.425,
          "king_penguin": 0.455,
          "jellyfish": 0.705,
          "sports_car": 0.52
        }
      }
    },
    "base": {
      "inner_train": {
        "top1": 0.4553333333333333,
        "top3": 0.7746666666666666,
        "n_samples": 1500,
        "per_class": {
          "golden_retriever": 0.38666666666666666,
          "mushroom": 0.44,
          "teapot": 0.22666666666666666,
          "school_bus": 0.6133333333333333,
          "banana": 0.62,
          "orange": 0.32,
          "brown_bear": 0.36,
          "king_penguin": 0.44,
          "jellyfish": 0.7066666666666667,
          "sports_car": 0.44
        }
      },
      "inner_dev": {
        "top1": 0.434,
        "top3": 0.736,
        "n_samples": 500,
        "per_class": {
          "golden_retriever": 0.26,
          "mushroom": 0.28,
          "teapot": 0.22,
          "school_bus": 0.8,
          "banana": 0.64,
          "orange": 0.32,
          "brown_bear": 0.32,
          "king_penguin": 0.44,
          "jellyfish": 0.64,
          "sports_car": 0.42
        }
      },
      "val": {
        "top1": 0.457,
        "top3": 0.7545,
        "n_samples": 2000,
        "per_class": {
          "golden_retriever": 0.345,
          "mushroom": 0.375,
          "teapot": 0.3,
          "school_bus": 0.695,
          "banana": 0.56,
          "orange": 0.395,
          "brown_bear": 0.255,
          "king_penguin": 0.505,
          "jellyfish": 0.69,
          "sports_car": 0.45
        }
      }
    },
    "base_rerank": {
      "inner_train": {
        "top1": 0.562,
        "top3": 0.7806666666666666,
        "n_samples": 1500,
        "per_class": {
          "golden_retriever": 0.4533333333333333,
          "mushroom": 0.5866666666666667,
          "teapot": 0.36,
          "school_bus": 0.6733333333333333,
          "banana": 0.5466666666666666,
          "orange": 0.6266666666666667,
          "brown_bear": 0.5666666666666667,
          "king_penguin": 0.54,
          "jellyfish": 0.7133333333333334,
          "sports_car": 0.5533333333333333
        }
      },
      "inner_dev": {
        "top1": 0.528,
        "top3": 0.742,
        "n_samples": 500,
        "per_class": {
          "golden_retriever": 0.36,
          "mushroom": 0.42,
          "teapot": 0.42,
          "school_bus": 0.82,
          "banana": 0.58,
          "orange": 0.58,
          "brown_bear": 0.42,
          "king_penguin": 0.5,
          "jellyfish": 0.64,
          "sports_car": 0.54
        }
      },
      "val": {
        "top1": 0.519,
        "top3": 0.7585,
        "n_samples": 2000,
        "per_class": {
          "golden_retriever": 0.39,
          "mushroom": 0.495,
          "teapot": 0.4,
          "school_bus": 0.705,
          "banana": 0.445,
          "orange": 0.605,
          "brown_bear": 0.42,
          "king_penguin": 0.515,
          "jellyfish": 0.65,
          "sports_car": 0.565
        }
      }
    }
  }
}