{
  "tag": "gen_audit",
  "timestamp": "2026-05-19_05-17-21",
  "modes": {
    "full": {
      "inner_train": {
        "top1": 0.7046666666666667,
        "top3": 0.8113333333333334,
        "n_samples": 1500,
        "per_class": {
          "golden_retriever": 0.6266666666666667,
          "mushroom": 0.6533333333333333,
          "teapot": 0.56,
          "school_bus": 0.82,
          "banana": 0.6866666666666666,
          "orange": 0.7266666666666667,
          "brown_bear": 0.7266666666666667,
          "king_penguin": 0.7133333333333334,
          "jellyfish": 0.78,
          "sports_car": 0.7533333333333333
        }
      },
      "inner_dev": {
        "top1": 0.686,
        "top3": 0.808,
        "n_samples": 500,
        "per_class": {
          "golden_retriever": 0.64,
          "mushroom": 0.5,
          "teapot": 0.66,
          "school_bus": 0.82,
          "banana": 0.7,
          "orange": 0.7,
          "brown_bear": 0.74,
          "king_penguin": 0.66,
          "jellyfish": 0.76,
          "sports_car": 0.68
        }
      },
      "val": {
        "top1": 0.494,
        "top3": 0.737,
        "n_samples": 2000,
        "per_class": {
          "golden_retriever": 0.365,
          "mushroom": 0.41,
          "teapot": 0.345,
          "school_bus": 0.655,
          "banana": 0.49,
          "orange": 0.57,
          "brown_bear": 0.425,
          "king_penguin": 0.455,
          "jellyfish": 0.705,
          "sports_car": 0.52
        }
      }
    },
    "base": {
      "inner_train": {
        "top1": 0.454,
        "top3": 0.7706666666666667,
        "n_samples": 1500,
        "per_class": {
          "golden_retriever": 0.3333333333333333,
          "mushroom": 0.44666666666666666,
          "teapot": 0.22666666666666666,
          "school_bus": 0.64,
          "banana": 0.6466666666666666,
          "orange": 0.32,
          "brown_bear": 0.36666666666666664,
          "king_penguin": 0.44,
          "jellyfish": 0.6933333333333334,
          "sports_car": 0.4266666666666667
        }
      },
      "inner_dev": {
        "top1": 0.438,
        "top3": 0.748,
        "n_samples": 500,
        "per_class": {
          "golden_retriever": 0.42,
          "mushroom": 0.26,
          "teapot": 0.22,
          "school_bus": 0.72,
          "banana": 0.56,
          "orange": 0.32,
          "brown_bear": 0.3,
          "king_penguin": 0.44,
          "jellyfish": 0.68,
          "sports_car": 0.46
        }
      },
      "val": {
        "top1": 0.457,
        "top3": 0.7545,
        "n_samples": 2000,
        "per_class": {
          "golden_retriever": 0.345,
          "mushroom": 0.375,
          "teapot": 0.3,
          "school_bus": 0.695,
          "banana": 0.56,
          "orange": 0.395,
          "brown_bear": 0.255,
          "king_penguin": 0.505,
          "jellyfish": 0.69,
          "sports_car": 0.45
        }
      }
    },
    "base_rerank": {
      "inner_train": {
        "top1": 0.5606666666666666,
        "top3": 0.7746666666666666,
        "n_samples": 1500,
        "per_class": {
          "golden_retriever": 0.42,
          "mushroom": 0.6,
          "teapot": 0.3333333333333333,
          "school_bus": 0.72,
          "banana": 0.54,
          "orange": 0.62,
          "brown_bear": 0.5466666666666666,
          "king_penguin": 0.5533333333333333,
          "jellyfish": 0.72,
          "sports_car": 0.5533333333333333
        }
      },
      "inner_dev": {
        "top1": 0.532,
        "top3": 0.76,
        "n_samples": 500,
        "per_class": {
          "golden_retriever": 0.46,
          "mushroom": 0.38,
          "teapot": 0.5,
          "school_bus": 0.68,
          "banana": 0.6,
          "orange": 0.6,
          "brown_bear": 0.48,
          "king_penguin": 0.46,
          "jellyfish": 0.62,
          "sports_car": 0.54
        }
      },
      "val": {
        "top1": 0.519,
        "top3": 0.7585,
        "n_samples": 2000,
        "per_class": {
          "golden_retriever": 0.39,
          "mushroom": 0.495,
          "teapot": 0.4,
          "school_bus": 0.705,
          "banana": 0.445,
          "orange": 0.605,
          "brown_bear": 0.42,
          "king_penguin": 0.515,
          "jellyfish": 0.65,
          "sports_car": 0.565
        }
      }
    }
  }
}